-- phpMyAdmin SQL Dump
-- version 3.5.2.2
-- http://www.phpmyadmin.net
--
-- Host: localhost
-- Generation Time: Sep 27, 2012 at 09:16 PM
-- Server version: 5.5.27
-- PHP Version: 5.4.6

SET SQL_MODE="NO_AUTO_VALUE_ON_ZERO";
SET time_zone = "+00:00";


/*!40101 SET @OLD_CHARACTER_SET_CLIENT=@@CHARACTER_SET_CLIENT */;
/*!40101 SET @OLD_CHARACTER_SET_RESULTS=@@CHARACTER_SET_RESULTS */;
/*!40101 SET @OLD_COLLATION_CONNECTION=@@COLLATION_CONNECTION */;
/*!40101 SET NAMES utf8 */;

--
-- Database: `textfarm`
--

-- --------------------------------------------------------

--
-- Table structure for table `authkey`
--

CREATE TABLE IF NOT EXISTS `authkey` (
  `authID` int(11) NOT NULL AUTO_INCREMENT,
  `fileID` int(11) DEFAULT NULL,
  `authKeys` varchar(40) CHARACTER SET utf8 COLLATE utf8_unicode_ci NOT NULL,
  `authState` tinyint(1) NOT NULL,
  PRIMARY KEY (`authID`)
) ENGINE=InnoDB  DEFAULT CHARSET=latin1 AUTO_INCREMENT=34 ;

--
-- Dumping data for table `authkey`
--

INSERT INTO `authkey` (`authID`, `fileID`, `authKeys`, `authState`) VALUES
(1, 11, 'e52abbdac3568ef96bbab0f74128c3c77621e608', 0),
(5, 13, 'd25e60c7aec89df5048027ce6060c94df5713ece', 0),
(22, 13, 'a521bf40bac6952fe7f61571769470dd24ad8dce', 0),
(23, 13, '47baeb8605a93dd183930e78cf73de49a21e3ecc', 1),
(24, 13, '67d63172172fb4536a793443d0a08db2b3e509ca', 1),
(25, 11, '825ddc3acdb2db3954069961ff6a2a36fe1c6c55', 1),
(26, 22, 'e301125a2b0c1eb5dd95a09c245f71868942127e', 1),
(27, 22, '2de304f2d71cbee360aa079f6cb26b86be1a2dc1', 0),
(28, 13, '729c66e3eccd5706f93e716eff5aa196f5b9807c', 0),
(29, 13, '7754f0dfde09d619f395fd36e51f728f102007e2', 0),
(30, 13, '4208435406df12cd45e0052f4cfce1d28f23d7f0', 0),
(31, 13, 'cbd985be11ac025765256e33f971d4d882b8a290', 0),
(32, 22, '72a3d1dd60dd9c81f005225298b9c1453021e405', 0),
(33, 22, '44eda6c55df75e0df53732ca14d09428ad305323', 0);

-- --------------------------------------------------------

--
-- Table structure for table `file`
--

CREATE TABLE IF NOT EXISTS `file` (
  `fileID` int(11) NOT NULL AUTO_INCREMENT,
  `userID` varchar(32) CHARACTER SET utf8 COLLATE utf8_unicode_ci DEFAULT NULL,
  `fileName` varchar(32) CHARACTER SET utf8 COLLATE utf8_unicode_ci NOT NULL,
  `filePath` mediumblob,
  `fileExt` varchar(12) CHARACTER SET utf8 COLLATE utf8_unicode_ci NOT NULL,
  `filePermission` tinyint(1) NOT NULL,
  PRIMARY KEY (`fileID`),
  UNIQUE KEY `fileID` (`fileID`),
  KEY `userID` (`userID`)
) ENGINE=InnoDB  DEFAULT CHARSET=latin1 AUTO_INCREMENT=31 ;

--
-- Dumping data for table `file`
--

INSERT INTO `file` (`fileID`, `userID`, `fileName`, `filePath`, `fileExt`, `filePermission`) VALUES
(1, 'test01', 'article01', 0x48656c6c6f20576f726c64, 'txt', 1),
(2, 'test01', 'article01txt', 0x48656c6c6f20576f726c64, 'xml', 1),
(3, 'test01', 'article01txt', 0x48656c6c6f20576f726c64, 'xml', 1),
(4, 'test01', 'article01txt', 0x48656c6c6f20576f726c64, 'xml', 1),
(5, 'test01', 'article01txt', 0x48656c6c6f20576f726c64, 'xml', 1),
(6, 'test01', 'article01txt', 0x48656c6c6f20576f726c64, 'xml', 1),
(7, 'test01', 'article01txt', 0x48656c6c6f20576f726c64, 'xml', 1),
(8, 'test01', 'article01txt', 0x48656c6c6f20576f726c64, 'xml', 1),
(9, 'test01', 'article01txt', 0x48656c6c6f20576f726c64, 'xml', 1),
(10, 'test01', 'article01txt', 0x48656c6c6f20576f726c64, 'txt', 0),
(11, 'test01', 'article01', 0x48656c6c6f20576f726c64, 'txt', 0),
(12, 'test01', 'article01', 0x48656c6c6f20576f726c64, 'txt', 0),
(13, 'test01', 'article01', 0xefbbbf3c3f786d6c2076657273696f6e3d22312e302220656e636f64696e673d225554462d38223f3e, 'txt', 0),
(15, 'test01', 'super', 0x48656c6c6f20576f726c64, 'nfo', 1),
(16, 'test01', 'article01', 0x48656c6c6f20576f726c64, 'txt', 1),
(17, 'test01', 'article01', 0x48656c6c6f20576f726c64, 'txt', 1),
(18, 'test01', 'article01', 0xefbbbf3c3f786d6c2076657273696f6e3d22312e302220656e636f64696e673d225554462d38223f3e, 'txt', 1),
(19, 'test03', 'article01', 0x48656c6c6f20576f726c64, 'txt', 1),
(20, 'test01', 'article01', 0x48656c6c6f20576f726c64, 'txt', 1),
(21, 'test01', 'book01', 0xefbbbf3c3f786d6c2076657273696f6e3d22312e302220656e636f64696e673d225554462d38223f3e0d0a3c426f6f6b733e0d0a093c626f6f6b2069643d22626b31303122207469746c653d22686172727920706f7474657220657031223e0d0a09093c617574686f723e47616d62617264656c6c612c204d6174746865773c2f617574686f723e0d0a09093c7469746c653e584d4c20446576656c6f70657227732047756964653c2f7469746c653e0d0a09093c67656e72653e436f6d70757465723c2f67656e72653e0d0a09093c70726963653e34342e39353c2f70726963653e0d0a09093c7075626c6973685f646174653e323030302d31302d30313c2f7075626c6973685f646174653e0d0a09093c6465736372697074696f6e3e416e20696e2d6465707468206c6f6f6b206174206372656174696e67206170706c69636174696f6e73200d0a09097769746820584d4c2e3c2f6465736372697074696f6e3e0d0a093c2f626f6f6b3e0d0a093c626f6f6b2069643d22626b31303222207469746c653d22686172727920706f7474657220657032223e0d0a09093c617574686f723e52616c6c732c204b696d3c2f617574686f723e0d0a09093c7469746c653e4d69646e69676874205261696e3c2f7469746c653e0d0a09093c67656e72653e46616e746173793c2f67656e72653e0d0a09093c70726963653e352e39353c2f70726963653e0d0a09093c7075626c6973685f646174653e323030302d31322d31363c2f7075626c6973685f646174653e0d0a09093c6465736372697074696f6e3e4120666f726d65722061726368697465637420626174746c657320636f72706f72617465207a6f6d626965732c200d0a0909616e206576696c20736f726365726573732c20616e6420686572206f776e206368696c64686f6f6420746f206265636f6d6520717565656e200d0a09096f662074686520776f726c642e3c2f6465736372697074696f6e3e0d0a093c2f626f6f6b3e0d0a093c626f6f6b2069643d22626b31303322207469746c653d22686172727920706f7474657220657033223e0d0a09093c617574686f723e436f726574732c204576613c2f617574686f723e0d0a09093c7469746c653e4d6165766520417363656e64616e743c2f7469746c653e0d0a09093c67656e72653e46616e746173793c2f67656e72653e0d0a09093c70726963653e352e39353c2f70726963653e0d0a09093c7075626c6973685f646174653e323030302d31312d31373c2f7075626c6973685f646174653e0d0a09093c6465736372697074696f6e3e41667465722074686520636f6c6c61707365206f662061206e616e6f746563686e6f6c6f6779200d0a0909736f636965747920696e20456e676c616e642c2074686520796f756e67207375727669766f7273206c617920746865200d0a0909666f756e646174696f6e20666f722061206e657720736f63696574792e3c2f6465736372697074696f6e3e0d0a093c2f626f6f6b3e0d0a3c2f426f6f6b733e, 'xml', 1),
(22, 'test01', 'book02', 0xefbbbf3c3f786d6c2076657273696f6e3d22312e302220656e636f64696e673d225554462d38223f3e0d0a3c426f6f6b733e0d0a093c626f6f6b2069643d22626b31303122207469746c653d22686172727920706f7474657220657031223e0d0a09093c617574686f723e47616d62617264656c6c612c204d6174746865773c2f617574686f723e0d0a09093c7469746c653e584d4c20446576656c6f70657227732047756964653c2f7469746c653e0d0a09093c67656e72653e436f6d70757465723c2f67656e72653e0d0a09093c70726963653e34342e39353c2f70726963653e0d0a09093c7075626c6973685f646174653e323030302d31302d30313c2f7075626c6973685f646174653e0d0a09093c6465736372697074696f6e3e416e20696e2d6465707468206c6f6f6b206174206372656174696e67206170706c69636174696f6e73200d0a09097769746820584d4c2e3c2f6465736372697074696f6e3e0d0a093c2f626f6f6b3e0d0a093c626f6f6b2069643d22626b31303222207469746c653d22686172727920706f7474657220657032223e0d0a09093c617574686f723e52616c6c732c204b696d3c2f617574686f723e0d0a09093c7469746c653e4d69646e69676874205261696e3c2f7469746c653e0d0a09093c67656e72653e46616e746173793c2f67656e72653e0d0a09093c70726963653e352e39353c2f70726963653e0d0a09093c7075626c6973685f646174653e323030302d31322d31363c2f7075626c6973685f646174653e0d0a09093c6465736372697074696f6e3e4120666f726d65722061726368697465637420626174746c657320636f72706f72617465207a6f6d626965732c200d0a0909616e206576696c20736f726365726573732c20616e6420686572206f776e206368696c64686f6f6420746f206265636f6d6520717565656e200d0a09096f662074686520776f726c642e3c2f6465736372697074696f6e3e0d0a093c2f626f6f6b3e0d0a093c626f6f6b2069643d22626b31303322207469746c653d22686172727920706f7474657220657033223e0d0a09093c617574686f723e436f726574732c204576613c2f617574686f723e0d0a09093c7469746c653e4d6165766520417363656e64616e743c2f7469746c653e0d0a09093c67656e72653e46616e746173793c2f67656e72653e0d0a09093c70726963653e352e39353c2f70726963653e0d0a09093c7075626c6973685f646174653e323030302d31312d31373c2f7075626c6973685f646174653e0d0a09093c6465736372697074696f6e3e41667465722074686520636f6c6c61707365206f662061206e616e6f746563686e6f6c6f6779200d0a0909736f636965747920696e20456e676c616e642c2074686520796f756e67207375727669766f7273206c617920746865200d0a0909666f756e646174696f6e20666f722061206e657720736f63696574792e3c2f6465736372697074696f6e3e0d0a093c2f626f6f6b3e0d0a3c2f426f6f6b733e, 'xml', 0),
(23, 'test01', 'article01', 0x48656c6c6f20576f726c64, 'txt', 1),
(24, 'test26', 'db', 0x48656c6c6f20576f726c642c205365636f6e64, 'sql', 1),
(25, 'test26', 'db', 0x48656c6c6f20576f726c642c205365636f6e64, 'sql', 1),
(26, 'test26', 'db', 0x2d2d207068704d7941646d696e2053514c2044756d700a2d2d2076657273696f6e20332e352e322e320a2d2d20687474703a2f2f7777772e7068706d7961646d696e2e6e65740a2d2d0a2d2d20486f73743a206c6f63616c686f73740a2d2d2047656e65726174696f6e2054696d653a205365702031362c20323031322061742030393a323420504d0a2d2d205365727665722076657273696f6e3a20352e352e32370a2d2d205048502056657273696f6e3a20352e342e360a0a5345542053514c5f4d4f44453d5c224e4f5f4155544f5f56414c55455f4f4e5f5a45524f5c223b0a5345542074696d655f7a6f6e65203d205c222030303a30305c223b0a0a0a2f2a2134303130312053455420404f4c445f4348415241435445525f5345545f434c49454e543d40404348415241435445525f5345545f434c49454e54202a2f3b0a2f2a2134303130312053455420404f4c445f4348415241435445525f5345545f524553554c54533d40404348415241435445525f5345545f524553554c5453202a2f3b0a2f2a2134303130312053455420404f4c445f434f4c4c4154494f4e5f434f4e4e454354494f4e3d4040434f4c4c4154494f4e5f434f4e4e454354494f4e202a2f3b0a2f2a21343031303120534554204e414d45532075746638202a2f3b0a0a2d2d0a2d2d2044617461626173653a2060746578746661726d600a2d2d0a0a2d2d202d2d2d2d2d2d2d2d2d2d2d2d2d2d2d2d2d2d2d2d2d2d2d2d2d2d2d2d2d2d2d2d2d2d2d2d2d2d2d2d2d2d2d2d2d2d2d2d2d2d2d2d2d2d2d2d0a0a2d2d0a2d2d205461626c652073747275637475726520666f72207461626c65206066696c65600a2d2d0a0a435245415445205441424c45204946204e4f5420455849535453206066696c656020280a20206066696c6549446020696e7428313129204e4f54204e554c4c204155544f5f494e4352454d454e542c0a202060757365724944602076617263686172283332292043484152414354455220534554207574663820434f4c4c41544520757466385f756e69636f64655f63692044454641554c54204e554c4c2c0a20206066696c654e616d65602076617263686172283332292043484152414354455220534554207574663820434f4c4c41544520757466385f756e69636f64655f6369204e4f54204e554c4c2c0a20206066696c655061746860206d656469756d626c6f622c0a20206066696c65457874602076617263686172283132292043484152414354455220534554207574663820434f4c4c41544520757466385f756e69636f64655f6369204e4f54204e554c4c2c0a20206066696c655065726d697373696f6e602074696e79696e74283129204e4f54204e554c4c2c0a20205052494d415259204b455920286066696c65494460292c0a2020554e49515545204b4559206066696c6549446020286066696c65494460292c0a20204b455920607573657249446020286075736572494460290a2920454e47494e453d496e6e6f44422044454641554c5420434841525345543d6c6174696e31204155544f5f494e4352454d454e543d31203b0a0a2d2d0a2d2d20436f6e73747261696e747320666f722064756d706564207461626c65730a2d2d0a0a2d2d0a2d2d20436f6e73747261696e747320666f72207461626c65206066696c65600a2d2d0a414c544552205441424c45206066696c65600a202041444420434f4e53545241494e54206066696c655f6962666b5f316020464f524549474e204b45592028607573657249446029205245464552454e434553206075736572602028607573657249446029204f4e2044454c45544520534554204e554c4c204f4e20555044415445204e4f20414354494f4e3b0a0a2f2a21343031303120534554204348415241435445525f5345545f434c49454e543d404f4c445f4348415241435445525f5345545f434c49454e54202a2f3b0a2f2a21343031303120534554204348415241435445525f5345545f524553554c54533d404f4c445f4348415241435445525f5345545f524553554c5453202a2f3b0a2f2a2134303130312053455420434f4c4c4154494f4e5f434f4e4e454354494f4e3d404f4c445f434f4c4c4154494f4e5f434f4e4e454354494f4e202a2f3b0a, 'sql', 1),
(27, 'test26', 'db', 0x48656c6c6f20576f726c642c20466f6f, 'sql', 1),
(28, 'test26', 'textfarm', 0x48656c6c6f20576f726c642c20466f6f, 'sample', 1),
(29, 'test26', 'textfarm', 0x48656c6c6f20576f726c642c20466f6f, 'sample', 1),
(30, 'test26', 'textfarm', 0x48656c6c6f20576f726c642c20466f6f, 'sample', 1);

-- --------------------------------------------------------

--
-- Table structure for table `user`
--

CREATE TABLE IF NOT EXISTS `user` (
  `userID` varchar(32) CHARACTER SET utf8 COLLATE utf8_unicode_ci NOT NULL,
  `userPass` varchar(32) CHARACTER SET utf8 COLLATE utf8_unicode_ci NOT NULL,
  `regDate` date NOT NULL DEFAULT '1000-01-01',
  `isActive` tinyint(1) NOT NULL,
  `privatePassphrase` varchar(40) CHARACTER SET utf8 COLLATE utf8_unicode_ci DEFAULT NULL,
  `publicPassphrase` varchar(40) CHARACTER SET utf8 COLLATE utf8_unicode_ci DEFAULT NULL,
  PRIMARY KEY (`userID`)
) ENGINE=InnoDB DEFAULT CHARSET=latin1;

--
-- Dumping data for table `user`
--

INSERT INTO `user` (`userID`, `userPass`, `regDate`, `isActive`, `privatePassphrase`, `publicPassphrase`) VALUES
('test01', 'test01', '2012-07-16', 0, '74135691b87b37bd676e2718313656f081164f98', '9d4e1e23bd5b727046a9e3b4b7db57bd8d6ee684'),
('test03', 'test03', '2012-07-18', 0, '1159dd46b0c03000ccf59fc10c47a5c0b31b9fa5', '6e04745b126c4ee7c55360ddf1ea6c255343ce24'),
('test04', 'test04', '2012-07-18', 0, '49cda7374d37f4983f7ef46b6f69a1f36d881ba9', '38a9f09586770bc9671376d6942a837570eac2eb'),
('test05', 'test05', '2012-08-02', 0, '93e557726c29a440661f2347607362dd72ff81db', '46f826eb5c3cf22adf49ff43ab35d164bd8f5e32'),
('test06', 'test06', '2012-08-02', 0, '00e79989023435a9aaf7a01d4b9bca6eb5ca9087', 'c7ede767c4a71120dfc41ca11a90a7f907179462'),
('test23', 'test23', '2012-08-18', 0, '904e8b42fde5e4845937c32fbe3a76048b0dad0f', 'f1f2ea5b1be1260be0c7d0b86a62e377d1a7911a'),
('test25', 'test25', '2012-08-18', 0, '6242790edcb327105211d1702d32a35db33fd6ab', 'cb7663147b4705080f3508a68888974f2daeab51'),
('test26', 'test26', '2012-08-18', 0, 'b0ef03e1d35c3185e0fa04671d23dc22a740e55a', '8d1f612ba0ba2ba233aa350be0c0a4de8d140429'),
('test27', 'test27', '2012-08-18', 0, 'fffa9f30f87a619409e20b6688561ebc08e7b12f', ''),
('test28', 'test28', '2012-08-18', 0, 'f6e7ec3eae1f6babd70cbe2d87e20d7f2e620830', ''),
('test29', 'test29', '2012-08-18', 0, '3dfc5108627ad6530d736ee9c1d47278ae0ada7f', ''),
('test30', 'test30', '2012-08-18', 0, '9cbf9bea98008afb9a0057463ec55cab780e804c', ''),
('userID', 'userPass', '2012-08-18', 0, 'fb4ba5daefdd79aca7d9773d386c417fa32fa6b1', '8b699520d58725247a857322dffd349668bf8dd7'),
('userID1', 'userPass', '2012-08-18', 0, 'caedc19db1501d9d381870b72629c746d1c79d58', '286035db4fe3eaf8a9f6e04c251448f47b5f39f9'),
('userID2', 'userPass', '2012-08-18', 0, '494352e2aceb91314cc538e0ef9ca8bf4256cf0a', '0a33c651c4475ab3d8e515167fee14918d138525');

--
-- Constraints for dumped tables
--

--
-- Constraints for table `file`
--
ALTER TABLE `file`
  ADD CONSTRAINT `file_ibfk_1` FOREIGN KEY (`userID`) REFERENCES `user` (`userID`) ON DELETE SET NULL ON UPDATE NO ACTION;

/*!40101 SET CHARACTER_SET_CLIENT=@OLD_CHARACTER_SET_CLIENT */;
/*!40101 SET CHARACTER_SET_RESULTS=@OLD_CHARACTER_SET_RESULTS */;
/*!40101 SET COLLATION_CONNECTION=@OLD_COLLATION_CONNECTION */;
